Régions,magasins
ALSACE LORRAINE,BUT BELFORT
ALSACE LORRAINE,BUT COLMAR
ALSACE LORRAINE,BUT COSY SAINT DIE
ALSACE LORRAINE,BUT COSY SARREBOURG
ALSACE LORRAINE,BUT EPINAL
ALSACE LORRAINE,BUT METZ
ALSACE LORRAINE,BUT MULHOUSE
ALSACE LORRAINE,BUT NANCY
ALSACE LORRAINE,BUT REMIREMONT
ALSACE LORRAINE,BUT SAINT - AVOLD
ALSACE LORRAINE,BUT SARREGUEMINES
ALSACE LORRAINE,BUT SELESTAT
ALSACE LORRAINE,BUT STRASBOURG NORD
ALSACE LORRAINE,BUT THIONVILLE
AUVERGNE,BUT AUBIERE ( SUD)
AUVERGNE,BUT BRIOUDE
AUVERGNE,BUT BRIVE
AUVERGNE,BUT CAHORS
AUVERGNE,BUT CLERMONT FERRAND NORD
AUVERGNE,BUT COSY ISSOIRE
AUVERGNE,BUT FIGEAC
AUVERGNE,BUT GUERET
AUVERGNE,BUT LE PUY
AUVERGNE,BUT MONTLUCON
AUVERGNE,BUT MOULINS-YZEURE
AUVERGNE,BUT TULLE
AUVERGNE,BUT VICHY
BOURGOGNE SAVOIE,BUT ANNECY-SILLINGY
BOURGOGNE SAVOIE,BUT ANNEMASSE
BOURGOGNE SAVOIE,BUT BESANCON CHATEAUFARINE
BOURGOGNE SAVOIE,BUT BOURG-EN-BRESSE
BOURGOGNE SAVOIE,BUT CHALON SUR SAONE
BOURGOGNE SAVOIE,BUT CLUSES
BOURGOGNE SAVOIE,BUT COSY BEAUNE
BOURGOGNE SAVOIE,BUT COSY GRAY
BOURGOGNE SAVOIE,BUT DIJON
BOURGOGNE SAVOIE,BUT DOLE
BOURGOGNE SAVOIE,BUT LONS LE SAUNIER
BOURGOGNE SAVOIE,BUT NEVERS
BOURGOGNE SAVOIE,BUT PONTARLIER
BOURGOGNE SAVOIE,BUT THONON
BRETAGNE,BUT BREST
BRETAGNE,BUT CHATEAUBRIANT
BRETAGNE,BUT COSY CARHAIX
BRETAGNE,BUT COSY PONTIVY
BRETAGNE,BUT COSY QUIMPERLE
BRETAGNE,BUT COSY REZE
BRETAGNE,BUT DINAN
BRETAGNE,BUT GUINGAMP
BRETAGNE,BUT LORIENT LANESTER
BRETAGNE,BUT NANTES
BRETAGNE,BUT QUIMPER
BRETAGNE,BUT RENNES - CHANTEPIE
BRETAGNE,BUT RENNES MELESSE
BRETAGNE,BUT SAINT - BRIEUC
BRETAGNE,BUT SAINT - NAZAIRE
BRETAGNE,BUT VANNES
CHAMPAGNE NORD EST,BUT AUXERRE
CHAMPAGNE NORD EST,BUT CHALONS EN CHAMPAGNE
CHAMPAGNE NORD EST,BUT CHARLEVILLE MEZIERES
CHAMPAGNE NORD EST,BUT CHAUMONT
CHAMPAGNE NORD EST,BUT EPERNAY
CHAMPAGNE NORD EST,BUT LANGRES
CHAMPAGNE NORD EST,BUT LAON
CHAMPAGNE NORD EST,BUT AMIENS
CHAMPAGNE NORD EST,BUT COSY PERONNE
CHAMPAGNE NORD EST,BUT COSY NOYON
CHAMPAGNE NORD EST,BUT SAINT - QUENTIN
CHAMPAGNE NORD EST,BUT REIMS - CORMONTREUIL
CHAMPAGNE NORD EST,BUT ROMILLY
CHAMPAGNE NORD EST,BUT SAINT - DIZIER
CHAMPAGNE NORD EST,BUT SENS
DORDOGNE,BUT ANGOULEME
DORDOGNE,BUT BRESSUIRE
DORDOGNE,BUT COSY CHATEAU D'OLONNE
DORDOGNE,BUT COSY CHOLET
DORDOGNE,BUT COSY COGNAC
DORDOGNE,BUT FONTENAY LE COMTE
DORDOGNE,BUT LA ROCHE S-YON
DORDOGNE,BUT LA ROCHELLE
DORDOGNE,BUT CHATELLERAULT
DORDOGNE,BUT LIMOGES
DORDOGNE,BUT NIORT
DORDOGNE,BUT PERIGUEUX
DORDOGNE,BUT POITIERS
DORDOGNE,BUT ROCHEFORT
DORDOGNE,BUT SAINTES
IDF NORD,BUT AULNAY SOUS BOIS
IDF NORD,BUT CITY DOMUS
IDF NORD,BUT SOISSONS
IDF NORD,BUT PROVINS
IDF NORD,BUT CITY DOMUS KITCHEN
IDF NORD,BUT CLAYE SOUILLY
IDF NORD,BUT EZANVILLE
IDF NORD,BUT GENNEVILLIERS
IDF NORD,BUT HERBLAY
IDF NORD,BUT MANTES LA JOLIE
IDF NORD,BUT MEAUX
IDF NORD,BUT ORGEVAL
IDF NORD,BUT PONTOISE - OSNY
IDF SUD,BUT CHARTRES
IDF SUD,BUT CRETEIL
IDF SUD,BUT MONTARGIS
IDF SUD,BUT ALENCON
IDF SUD,BUT CHATEAUDUN
IDF SUD,BUT NOGENT LE ROTROU
IDF SUD,BUT DREUX
IDF SUD,BUT EVREUX
IDF SUD,BUT FRESNES
IDF SUD,BUT LA QUEUE EN BRIE
IDF SUD,BUT LES CLAYES SOUS BOIS
IDF SUD,BUT NEMOURS
IDF SUD,BUT SAINTE GENEVIEVE D-B
LANGUEDOC ROUSSILLON,BUT AGDE
LANGUEDOC ROUSSILLON,BUT ALBI
LANGUEDOC ROUSSILLON,BUT BEZIERS
LANGUEDOC ROUSSILLON,BUT CASTRES
LANGUEDOC ROUSSILLON,BUT COSY JUVIGNAC
LANGUEDOC ROUSSILLON,BUT MONTPELLIER
LANGUEDOC ROUSSILLON,BUT COSY VILLEFRANCHE ROUERGUE
LANGUEDOC ROUSSILLON,BUT RODEZ
LANGUEDOC ROUSSILLON,BUT NARBONNE
LANGUEDOC ROUSSILLON,BUT PERPIGNAN NORD
LANGUEDOC ROUSSILLON,BUT PERPIGNAN SUD
LANGUEDOC ROUSSILLON,BUT TOULOUSE LABEGE
LANGUEDOC ROUSSILLON,BUT TOULOUSE NORD
LANGUEDOC ROUSSILLON,BUT TOULOUSE SUD
NORD,BUT ARRAS
NORD,BUT BETHUNE
NORD,BUT BOULOGNE SUR MER
NORD,BUT CALAIS
NORD,BUT CAMBRAI
NORD,BUT COSY ABBEVILLE
NORD,BUT DIEPPE
NORD,BUT DOUAI
NORD,BUT HAUTMONT
NORD,BUT LENS
NORD,BUT RONCQ
NORD,BUT SECLIN
NORD,BUT ENGLOS
NORD,BUT VALENCIENNES
NORD,BUT LEERS
NORMANDIE,BUT CAEN
NORMANDIE,BUT CHERBOURG
NORMANDIE,BUT COSY AVRANCHES
NORMANDIE,BUT COSY BERNAY
NORMANDIE,BUT COSY CARENTAN
NORMANDIE,BUT COSY PONT AUDEMER
NORMANDIE,BUT COSY VIRE
NORMANDIE,BUT COSY YVETOT
NORMANDIE,BUT GRANVILLE
NORMANDIE,BUT LE HAVRE
NORMANDIE,BUT LISIEUX
NORMANDIE,BUT PONT L'EVEQUE
NORMANDIE,BUT ROUEN-BARENTIN R.D.
NORMANDIE,BUT ROUEN-TOURVILLE
NORMANDIE,BUT SAINT - LO
PACA,BUT ARLES
PACA,BUT AVIGNON
PACA,BUT CANNES
PACA,BUT COSY BAGNOLS SUR CEZE
PACA,BUT COSY BOLLENE
PACA,BUT COSY DIGNE
PACA,BUT NIMES
PACA,BUT ALES
PACA,BUT FREJUS
PACA,BUT GAP
PACA,BUT MARSEILLE-AUBAGNE
PACA,BUT MARSEILLE-CABRIES
PACA,BUT TOULON
PACA,BUT VILLENEUVE LOUBET
PACA,BUT ORANGE
PYRENEES,BUT AGEN BOE
PYRENEES,BUT BAYONNE
PYRENEES,BUT BERGERAC
PYRENEES,BUT COSY FOIX
PYRENEES,BUT COSY SAINT - GIRONS
PYRENEES,BUT LA REOLE
PYRENEES,BUT LIBOURNE
PYRENEES,BUT MARMANDE
PYRENEES,BUT MONT DE MARSAN
PYRENEES,BUT MONTAUBAN
PYRENEES,BUT PAMIERS
PYRENEES,BUT PAU
PYRENEES,BUT SAINT - GAUDENS
PYRENEES,BUT TARBES
PYRENEES,BUT VILLENEUVE SUR LOT
RHONE ALPES,BUT ALBERTVILLE
RHONE ALPES,BUT AMBERIEU EN BUGEY
RHONE ALPES,BUT BOURGOIN
RHONE ALPES,BUT AUBENAS
RHONE ALPES,BUT MONTELIMAR
RHONE ALPES,BUT COSY GRENOBLE EYBENS
RHONE ALPES,BUT COSY SAINT - JEAN DE MAURIENNE
RHONE ALPES,BUT GRENOBLE SAINT EGREVE
RHONE ALPES,BUT LYON-SAINT PRIEST
RHONE ALPES,BUT ROANNE
RHONE ALPES,BUT ROMANS
RHONE ALPES,BUT VALENCE
RHONE ALPES,BUT VOGLANS
RHONE ALPES,BUT VOIRON
VAL DE LOIRE,BUT ANGERS
VAL DE LOIRE,BUT BLOIS
VAL DE LOIRE,BUT BOURGES
VAL DE LOIRE,BUT CHATEAUROUX
VAL DE LOIRE,BUT COSY SAINT CYR
VAL DE LOIRE,BUT LAVAL
VAL DE LOIRE,BUT LE MANS NORD
VAL DE LOIRE,BUT LE MANS MULSANNE
VAL DE LOIRE,BUT ORLEANS
VAL DE LOIRE,BUT ROMORANTIN
VAL DE LOIRE,BUT SARAN
VAL DE LOIRE,BUT SAUMUR
VAL DE LOIRE,BUT TOURS
VAL DE LOIRE,BUT VENDOME
VAL DE LOIRE,BUT VIERZON
FRANCHISE SUD OUEST,BUT BORDEAUX-ARTIGUES
FRANCHISE SUD OUEST,BUT BORDEAUX-CADAUJAC
FRANCHISE SUD OUEST,BUT BORDEAUX-MERIGNAC
FRANCHISE SUD OUEST,BUT DAX
FRANCHISE SUD OUEST,BUT BIGANOS
FRANCHISE SUD OUEST,BUT COSY ST JEAN D'ANGELY
FRANCHISE SUD OUEST,BUT COSY SAINT MAIXENT
FRANCHISE SUD OUEST,BUT COSY JONZAC
FRANCHISE SUD OUEST,BUT COSY OLORON STE MARIE
FRANCHISE SUD OUEST,BUT COSY ROYAN
FRANCHISE SUD OUEST,BUT COSY MIMIZAN
FRANCHISE SUD OUEST,BUT COSY SARLAT
FRANCHISE SUD OUEST,BUT SAINT YRIEIX LA PERCHE
FRANCHISE SUD OUEST,BUT COSY CAPVERN
FRANCHISE SUD OUEST,BUT COSY LIMOGES SUD
FRANCHISE SUD EST,BUT AJACCIO
FRANCHISE SUD EST,BUT BASTIA
FRANCHISE SUD EST,BUT CARCASSONNE
FRANCHISE SUD EST,BUT MENDE
FRANCHISE SUD EST,BUT COSY CLERMONT L'HERAULT
FRANCHISE SUD EST,BUT COSY CASTELSARRASIN
FRANCHISE SUD EST,BUT COSY PORTO VECCHIO
FRANCHISE SUD EST,BUT MILLAU
FRANCHISE SUD EST,BUT COSY SISTERON
FRANCHISE SUD EST,BUT CREST
FRANCHISE SUD EST,BUT COSY SALON DE PROVENCE
FRANCHISE SUD EST,BUT COSY BEAUCAIRE
FRANCHISE SUD EST,BUT COSY ST MAXIMIN LA STE BAUME
FRANCHISE SUD EST,BUT COSY VAUVERT
FRANCHISE SUD EST,BUT OLLIOULES
FRANCHISE AUVERGNE RHONE ALPES,BUT AURILLAC
FRANCHISE AUVERGNE RHONE ALPES,BUT DIGOIN
FRANCHISE AUVERGNE RHONE ALPES,BUT MACON
FRANCHISE AUVERGNE RHONE ALPES,BUT MONTCEAU LES MINES
FRANCHISE AUVERGNE RHONE ALPES,BUT SAINT - ETIENNE
FRANCHISE AUVERGNE RHONE ALPES,BUT SAINT - FLOUR
FRANCHISE AUVERGNE RHONE ALPES,BUT SALAISE
FRANCHISE AUVERGNE RHONE ALPES,BUT VILLEFRANCHE S-SAONE
FRANCHISE AUVERGNE RHONE ALPES,BUT COSY AUTUN
FRANCHISE AUVERGNE RHONE ALPES,BUT CHARANCIEU LES ABRETS
FRANCHISE AUVERGNE RHONE ALPES,BUT RIOM
FRANCHISE AUVERGNE RHONE ALPES,BUT COSY THIERS
FRANCHISE AUVERGNE RHONE ALPES,BUT OYONNAX
FRANCHISE AUVERGNE RHONE ALPES,BUT AMBERT
FRANCHISE CENTRE VAL DE LOIRE,BUT COSY BEAUFORT
FRANCHISE CENTRE VAL DE LOIRE,BUT COSY CHINON
FRANCHISE CENTRE VAL DE LOIRE,BUT COSY THOUARS
FRANCHISE CENTRE VAL DE LOIRE,BUT COSY AMBOISE
FRANCHISE CENTRE VAL DE LOIRE,BUT COSY LOCHES
FRANCHISE CENTRE VAL DE LOIRE,BUT COSY NOYERS
FRANCHISE CENTRE VAL DE LOIRE,BUT COSY CHATEAU GONTIER
FRANCHISE CENTRE VAL DE LOIRE,BUT COSY LA FLECHE
FRANCHISE CENTRE VAL DE LOIRE,BUT COSY SABLE SUR SARTHE
FRANCHISE CENTRE VAL DE LOIRE,BUT COSY SEGRE
FRANCHISE CENTRE VAL DE LOIRE,BUT COSY CLISSON
FRANCHISE CENTRE VAL DE LOIRE,BUT COSY CHAUVIGNY
FRANCHISE CENTRE VAL DE LOIRE,BUT COSY RUFFEC
FRANCHISE CENTRE VAL DE LOIRE,BUT COSY ST JUNIEN
FRANCHISE BRETAGNE PAYS DE LOIRE,BUT FOUGERES
FRANCHISE BRETAGNE PAYS DE LOIRE,BUT REDON
FRANCHISE BRETAGNE PAYS DE LOIRE,BUT SAINT - MALO
FRANCHISE BRETAGNE PAYS DE LOIRE,BUT COSY ANCENIS
FRANCHISE BRETAGNE PAYS DE LOIRE,BUT COSY LUCON
FRANCHISE BRETAGNE PAYS DE LOIRE,BUT COSY CHANTONNAY
FRANCHISE BRETAGNE PAYS DE LOIRE,BUT COSY GUERANDE
FRANCHISE BRETAGNE PAYS DE LOIRE,BUT COSY PONTCHATEAU
FRANCHISE BRETAGNE PAYS DE LOIRE,BUT COSY GENESTON
FRANCHISE BRETAGNE PAYS DE LOIRE,BUT COSY LOUDEAC
FRANCHISE BRETAGNE PAYS DE LOIRE,BUT COSY PARTHENAY
FRANCHISE BRETAGNE PAYS DE LOIRE,BUT COSY PORNIC
FRANCHISE BRETAGNE PAYS DE LOIRE,BUT VITRE
FRANCHISE BRETAGNE PAYS DE LOIRE,BUT LESNEVEN
FRANCHISE BRETAGNE PAYS DE LOIRE,BUT COSY BAIN DE BRETAGNE
FRANCHISE BRETAGNE PAYS DE LOIRE,BUT ST QUAY PERROS
FRANCHISE BRETAGNE PAYS DE LOIRE,BUT COSY LES HERBIERS
FRANCHISE NORD NORMANDIE,BUT BEAUVAIS
FRANCHISE NORD NORMANDIE,BUT CREIL
FRANCHISE NORD NORMANDIE,BUT COSY BAYEUX
FRANCHISE NORD NORMANDIE,BUT COSY ARGENTAN
FRANCHISE NORD NORMANDIE,BUT COSY COUTANCES
FRANCHISE NORD NORMANDIE,BUT COSY HAZEBROUK
FRANCHISE NORD NORMANDIE,BUT COSY MAYENNE
FRANCHISE NORD NORMANDIE,BUT COSY EU
FRANCHISE NORD NORMANDIE,BUT COSY GISORS
FRANCHISE NORD NORMANDIE,BUT COSY SAINT MARCEL
FRANCHISE NORD NORMANDIE,BUT COSY DIVES SUR MER
FRANCHISE NORD NORMANDIE,BUT COSY HESDIN MARCONNE
FRANCHISE NORD NORMANDIE,BUT COSY  L'AIGLE
FRANCHISE NORD NORMANDIE,BUT NEUFCHATEL EN BRAY
FRANCHISE NORD NORMANDIE,BUT ALBERT
FRANCHISE CENTRE NORD EST,BUT FOURMIES
FRANCHISE CENTRE NORD EST,BUT PITHIVIERS
FRANCHISE CENTRE NORD EST,BUT TROYES
FRANCHISE CENTRE NORD EST,BUT VERDUN
FRANCHISE CENTRE NORD EST,BUT COSY GIEN
FRANCHISE CENTRE NORD EST,BUT COSY MONTEREAU FAUT YONNE
FRANCHISE CENTRE NORD EST,BUT COSY TAVERS
FRANCHISE CENTRE NORD EST,BUT COSY COULOMMIERS
FRANCHISE CENTRE NORD EST,BUT COSY ISSOUDUN
FRANCHISE CENTRE NORD EST,BUT COSY ST AMAND MONTROND
FRANCHISE CENTRE NORD EST,BUT COSY HAGUENAU
FRANCHISE CENTRE NORD EST,BUT CHATEAU THIERRY
FRANCHISE CENTRE NORD EST,BUT COSNE SUR LOIRE
FRANCHISE CENTRE NORD EST,BUT COSY REIMS - LA NEUVILLETTE
FRANCHISE PARISOT,BUT LONGWY
FRANCHISE PARISOT,BUT COSY DOMMARTIN LES TOUL
FRANCHISE PARISOT,BUT COSY NEUFCHATEAU
FRANCHISE PARISOT,BUT COSY MARMOUTIER
FRANCHISE PARISOT,BUT COSY VESOUL
FRANCHISE PARISOT,BUT COSY SEMUR
FRANCHISE PARISOT,BUT COSY BOURGUIGNON
FRANCHISE PARISOT,BUT COSY TONNERRE
FRANCHISE PARISOT,BUT COSY JOIGNY
FRANCHISE PARISOT,BUT COSY BAR SUR AUBE
FRANCHISE PARISOT,BUT COSY LURE
FRANCHISE PARISOT,BUT COSY CHAMPAGNOLE
FRANCHISE PARISOT,BUT COSY CONFLANS
FRANCHISE PARISOT,BUT COSY SAVONNIERES
FRANCHISE PARISOT,BUT COSY AVALLON
FRANCHISE PARISOT,BUT COSY MORTEAU